,Time,Modelled Vertical Force,Modelled North Force,Modelled East Force,Inversed Vertical Force,Inversed North Force,Inversed East Force
0,2.0,3234282521.15,5740279898.242991,313918272.0957284,-2307953352.776689,-8951083118.837467,-3736072319.7939854
1,3.0055865922000002,3047383439.5,5729875319.967167,353664530.16739655,,,
2,4.0111731844000005,2792829949.83,5634068608.204583,393259835.3220763,,,
3,5.016759776499999,2464363174.28,5441387442.987887,432881928.9446924,,,
4,6.022346368699999,2054063083.63,5139241856.701555,473236325.8057556,,,
5,7.027932960899999,1551761163.78,4714023298.499709,515468901.64723086,,,
6,8.0335195531,945058529.119,4151688628.4388704,560775069.9585416,,,
7,9.0391061453,220506026.153,3439039874.6905293,609622539.9495032,,,
8,10.044692737399998,-633539960.197,2565786818.6936803,660607272.7489473,,,
9,11.050279329599999,-1622180717.84,1527212331.6159034,709142963.8720567,,,
10,12.055865921799999,-2737813239.84,326847736.3417454,746428565.8280072,,,
11,13.061452513999999,-3954015920.99,-1021931715.5661068,759390738.0964835,,,
12,14.067039106100001,-5222175028.8,-2496912646.405253,732452981.2946832,,,
13,15.072625698300001,-6474596004.85,-4072289874.046163,651889021.8423154,,,
14,16.078212290499998,-7638113272.94,-5729279077.791187,513006193.7592106,,,
15,17.083798882700002,-8660919680.91,-7471772466.697399,329350361.01463795,,,
16,18.0893854749,-9551737961.07,-9344184797.756826,141539119.84446716,,,
17,19.094972067,-10424207599.2,-11445243150.964294,21473127.401394844,,,
18,20.1005586592,-11531008880.0,-13927998883.480965,66144937.201125145,,,
19,21.1061452514,-13263740563.9,-16974266492.30556,375019626.5522146,,,
20,22.11173184358,-16089574137.8,-20733132208.8708,1007198019.9087696,,,
21,23.11731843575,-20399423765.2,-25220453041.21907,1920391827.1306689,,,
22,24.12290502793,-26260503542.4,-30191075364.244827,2903573005.0673714,,,
23,25.12849162011,-33102791505.5,-35017600993.47403,3528013897.206116,,,
24,26.13407821229,-39423386066.7,-38635221793.09406,3154128999.8694057,,,
25,27.13966480447,-42655787893.7,-39633005790.09995,1038263741.9241714,,,
26,28.14525139665,-39401891342.0,-36574654451.89649,-3423694139.436445,,,
27,29.15083798883,-26229880596.8,-28599575031.931232,-10308876992.862654,,,
28,30.15642458101,-1160543638.67,-16273044952.441566,-18687426107.82896,,,
29,31.162011173184,34239053883.3,-2516720819.024702,-26185806129.23332,,,
30,32.167597765363,73277834068.2,7624719586.191887,-29345681385.95709,,,
31,33.17318435754,105655087669.0,9928551923.32266,-25564286985.92548,,,
32,34.17877094972,122426934006.0,4257592698.725695,-14964590366.395454,,,
33,35.1843575419,119925363409.0,-5710086844.524363,-24008362.087018967,,,
34,36.18994413408,99199297533.9,-14878008022.293428,15832798417.148582,,,
35,37.19553072626,63505687530.5,-18486985318.74169,29140355286.234,,,
36,38.20111731844,17545659171.1,-13608103798.189363,37379154926.91874,,,
37,39.20670391061,-31752833328.9,-275165968.1559639,39736929814.069725,,,
38,40.21229050279,-75403996528.5,18827523103.277733,36647375368.29421,,,
39,41.21787709497,-104711235297.0,39640331137.03066,28872666337.81865,,,
40,42.2234636872,-114575583500.0,57893302069.91272,17383561101.74312,,,
41,43.2290502793,-105394066041.0,70049961340.77898,3848207668.4072304,,,
42,44.2346368715,-82371771709.3,74109403168.08572,-9160496842.628738,,,
43,45.2402234637,-53152839760.0,69985830003.62276,-18738844411.368,,,
44,46.2458100559,-25257359371.2,59363004820.4957,-22854311036.709637,,,
45,47.251396648,-4085060311.06,45099419989.7081,-21333829309.794758,,,
46,48.2569832402,8231525494.25,30369218036.317886,-15907098811.646606,,,
47,49.262569832400004,12831154780.7,17834117089.09066,-9360676807.472923,,,
48,50.2681564246,12881386146.3,9014700287.477217,-4279419260.692047,,,
49,51.2737430168,11765455531.3,4097453667.780609,-2102814510.408512,,,
50,52.2793296089,11833945740.0,2294729712.1430407,-2982804067.7586794,,,
51,53.2849162011,14057098205.4,2398681582.1113944,-6080552855.150167,,,
52,54.2905027933,18130536694.1,3217987865.33273,-9963947716.594036,,,
53,55.2960893855,22899300778.7,3790381829.803125,-13160467616.558104,,,
54,56.3016759777,27096375731.0,3317487165.658618,-14587027836.309544,,,
55,57.3072625698,29936814164.3,1110749704.8834724,-13681486355.269775,,,
56,58.312849162,31234047285.4,-3157266178.674674,-10478972433.35838,,,
57,59.318435754199996,31194621144.7,-9152804591.533775,-5574979805.34719,,,
58,60.3240223464,30138088045.3,-15946853695.14998,139440246.0498743,,,
59,61.3296089385,28250964399.9,-22408648490.052483,5729204272.409591,,,
60,62.3351955307,25443379527.3,-27571162042.08645,10377208104.365969,,,
61,63.340782122899995,21466107132.9,-30838042344.20869,13569338640.83621,,,
62,64.3463687151,16241937613.0,-32069133859.48648,15192577253.044842,,,
63,65.3519553073,10060240796.2,-31452515747.885807,15382985756.232208,,,
64,66.35754189939999,3540919842.39,-29362075018.23706,14353822536.74746,,,
65,67.36312849160001,-2483365710.36,-26441896812.32435,12474913849.839071,,,
66,68.3687150838,-7217130858.1,-23495765046.747868,10302080735.851795,,,
67,69.374301676,-10203270959.2,-21087764883.54334,8367899883.423367,,,
68,70.3798882682,-11399202069.2,-19374884779.402767,7016117800.545612,,,
69,71.38547486030001,-11122209357.8,-18033042605.00632,6267862626.121027,,,
70,72.3910614525,-10044616296.6,-16087074537.386196,5694104312.123325,,,
71,73.3966480447,-9071448603.7,-12181399348.930037,4613352495.272776,,,
72,74.4022346369,-9002718922.21,-5377845336.929572,2556327830.322775,,,
73,75.4078212291,-10145765840.3,4087173867.914058,-427792161.9826114,,,
74,76.4134078212,-12036842973.7,14343011481.521742,-3739942558.978496,,,
75,77.4189944134,-13506678852.8,22114038591.522907,-6416877420.5237255,,,
76,78.4245810056,-13397826131.0,24513964617.81009,-7660372938.162032,,,
77,79.4301675978,-11483201206.2,21356829913.393,-7441650922.954519,,,
78,80.4357541899,-8516280555.65,15097787355.64911,-6429581937.941242,,,
79,81.4413407821,-5450997392.27,8556738897.425235,-5305635797.881185,,,
80,82.4469273743,-2880319068.47,3375946024.789233,-4347386923.361809,,,
81,83.45251396649999,-1020648479.75,44662932.92566419,-3555068684.636945,,,
82,84.45810055870001,153492171.728,-1615617726.1149282,-2897238884.829488,,,
83,85.4636871508,816338790.223,-2059778823.397207,-2396470995.074393,,,
84,86.469273743,1187073986.91,-1750904131.497023,-2101654677.6901584,,,
85,87.47486033519999,1415359730.77,-1020883678.9954808,-2046678619.4309208,,,
86,88.48044692740001,1529118574.65,-48808315.90596616,-2219009582.5329404,,,
87,89.4860335196,1493952166.28,1059110802.5173464,-2530064885.198191,,,
88,90.4916201117,1332317471.23,2152870721.8347077,-2815402206.09844,,,
89,91.49720670389999,1150237201.5,3019065077.499424,-2907309369.558331,,,
90,92.50279329610001,1044817510.65,3476923191.065691,-2726727745.81964,,,
91,93.5083798883,1042089990.24,3448973406.671708,-2296700709.040619,,,
92,94.5139664804,1115709156.32,2948602833.8148623,-1686182870.497273,,,
93,95.51955307259999,1221778067.09,2050134493.6125927,-958097907.6963084,,,
94,96.5251396648,1324060008.28,872143708.4006975,-152232487.5076697,,,
95,97.530726257,1404180103.01,-441768851.9100904,707491412.9743922,,,
96,98.5363128492,1457608495.17,-1747375090.8310757,1598632443.7578788,,,
97,99.5418994413,1488868354.9,-2916494401.468361,2481044290.181819,,,
98,100.5474860335,1502623423.23,-3834304995.762466,3268974463.582555,,,
99,101.5530726257,1483048743.91,-4384316003.477299,3821989425.5561104,,,
100,102.5586592179,1382112258.0,-4456089885.161947,3993130651.016332,,,
101,103.5642458101,1150279309.07,-4002715439.222805,3712668839.079487,,,
102,104.5698324022,781072328.114,-3100958718.717954,3021086420.02526,,,
103,105.5754189944,295478519.967,-1922184154.4247973,2015087414.7207708,,,
104,106.5810055866,-305213081.676,-637814875.1541693,787705575.2535565,,,
105,107.5865921788,-1030069026.34,624525311.2087169,-582277475.6581275,,,
106,108.5921787709,-1864722929.87,1786956973.5419948,-2032787292.1904132,,,
107,109.5977653631,-2746581346.97,2808431640.552494,-3482699406.9744663,,,
108,110.6033519553,-3504240808.63,3586214556.0968223,-4710665639.77733,,,
109,111.6089385475,-3853491893.5,3901562831.462021,-5318183432.706944,,,
110,112.6145251397,-3586069308.48,3587928415.5509667,-4983054765.360507,,,
111,113.6201117318,-2798130559.26,2758454474.45625,-3811174399.580647,,,
112,114.625698324,-1846871744.41,1768684746.0952144,-2307766927.475404,,,
113,115.6312849162,-1065690500.64,945234046.8888298,-962462766.737882,,,
114,116.6368715084,-584355934.852,436569131.807269,21464560.014051706,,,
115,117.6424581006,-371662992.461,276048398.00368464,651421255.022793,,,
116,118.6480446927,-332944586.861,438284060.17672056,1002005459.5630018,,,
117,119.6536312849,-354763999.859,821907590.7483008,1177230695.0420637,,,
118,120.6592178771,-331102425.133,1266968367.0367854,1293773218.0914478,,,
119,121.6648044693,-212476309.71,1628906211.766058,1423584197.9160123,,,
120,122.6703910615,-37173261.8108,1837261544.6607327,1558204507.0193126,,,
121,123.6759776536,104477555.115,1904115647.8039017,1639552822.3463936,,,
122,124.6815642458,139479406.922,1892033129.034964,1616091125.0975492,,,
123,125.687150838,50555135.8506,1860404746.7602704,1466601490.1647575,,,
124,126.6927374302,-129315030.539,1817959016.667436,1204154570.334807,,,
125,127.6983240223,-339102501.263,1713093899.8827872,889342268.4395443,,,
126,128.7039106145,-515463026.148,1475361176.2191472,620241056.6148353,,,
127,129.7094972067,-614778758.973,1069577959.5448028,482872321.6498296,,,
128,130.7150837989,-613990383.059,511072898.5514289,508597418.1414668,,,
129,131.7206703911,-497645915.554,-152486118.39939418,676498021.4392455,,,
130,132.72625698299998,-255769546.673,-864468900.9955782,945031970.7157254,,,
131,133.731843575,109236427.327,-1578278829.6115446,1277104603.020784,,,
132,134.737430168,578131728.208,-2262930174.784748,1647932684.508209,,,
133,135.74301676,1114529633.45,-2896318170.904084,2046262492.1351836,,,
134,136.748603352,1673786788.67,-3470346440.671511,2476204085.517425,,,
135,137.75418994400002,2213466062.72,-4004314804.712222,2950849187.525609,,,
136,138.759776536,2689511495.89,-4527571530.0015,3467100523.0339403,,,
137,139.765363128,3053853993.78,-5037956332.289847,3981487229.565512,,,
138,140.770949721,3270681713.91,-5478885636.321549,4411026027.639459,,,
139,141.776536313,3326571772.09,-5748830654.708757,4646774834.601427,,,
140,142.782122905,3222558919.07,-5743402178.966991,4571307435.323283,,,
141,143.78770949699998,2982515931.25,-5425358695.114561,4098807871.937791,,,
142,144.793296089,2687755812.99,-4895859504.035812,3256446024.203182,,,
143,145.798882682,2486875894.31,-4407592145.419775,2260543351.868025,,,
144,146.80446927399998,2527054723.81,-4245606409.456165,1437488903.8030295,,,
145,147.810055866,2839151419.3,-4523008019.202297,982381955.123804,,,
146,148.815642458,3277639237.9,-5063617470.433822,801900494.4009113,,,
147,149.82122905,3555029609.38,-5440061587.87916,569227839.0456085,,,
148,150.82681564199999,3344614837.33,-5119333900.702659,-103229592.53377318,,,
149,151.83240223500002,2432355644.64,-3694308688.691537,-1441049052.7282245,,,
150,152.837988827,885473334.6,-1172876954.789682,-3258496464.5624104,,,
151,153.843575419,-859352486.119,1828848762.748636,-4863477919.628437,,,
152,154.849162011,-2173584180.71,4312344999.252541,-5449137282.153872,,,
153,155.85474860300002,-2689190683.16,5597951391.370422,-4833682840.231745,,,
154,156.860335196,-2585043010.0,5833756882.596537,-3730937345.420415,,,
155,157.86592178799998,-2385023102.42,5764409188.560351,-3220060640.134176,,,
156,158.87150838,-2572690376.69,6159227344.675664,-4052420157.168579,,,
157,159.877094972,-3357419828.67,7417081978.332107,-6286579217.139963,,,
158,160.882681564,-4563064823.74,9353741466.681423,-9174497373.712715,,,
159,161.888268156,-5648223112.88,11186519084.801748,-11326703648.592045,,,
160,162.893854749,-6028741301.1,11960769296.807867,-11436189675.966911,,,
161,163.899441341,-5560887842.41,11259647120.227633,-9237671882.772938,,,
162,164.905027933,-4631228937.04,9434157278.602398,-5639803885.985239,,,
163,165.910614525,-3723928023.14,7132204076.773441,-1887151704.5800128,,,
164,166.916201117,-3024663506.56,4824635490.451022,1166638603.4071205,,,
165,167.921787709,-2434128843.48,2742531211.842407,3172744105.8300943,,,
166,168.927374302,-1803399181.8,997851289.6935456,4143571772.525849,,,
167,169.932960894,-1072907522.03,-360135541.3328903,4302457396.161335,,,
168,170.938547486,-244547663.402,-1370718643.418618,3958808564.5018167,,,
169,171.944134078,653251695.847,-2148108385.6058083,3407001187.92806,,,
170,172.94972067,1522626918.28,-2789207863.260334,2860289853.8200283,,,
171,173.955307263,2192514827.87,-3335530920.134427,2453957332.507436,,,
172,174.960893855,2518123636.55,-3831676333.199659,2280953512.492717,,,
173,175.966480447,2470325226.75,-4355069873.917398,2385773671.06525,,,
174,176.972067039,2140293301.03,-4977852250.605604,2742882624.9721384,,,
175,177.977653631,1689965270.95,-5702125515.203366,3260115672.894098,,,
176,178.983240223,1299216970.22,-6389455063.138843,3774288025.9477215,,,
177,179.988826816,1122795807.14,-6764761028.500527,4061751997.452562,,,
178,180.994413408,1215091476.41,-6574093280.338769,3938032848.3294497,,,
179,182.0,1466706036.97,-5779875359.5447,3379711766.2981515,-234341567.3563919,225484503.7924202,-155288224.41911697
180,183.005586592,1668119750.72,-4563205456.575888,2513643383.070437,,,
181,184.011173184,1657784063.84,-3156765295.3857937,1505611601.3560762,,,
182,185.016759777,1406778502.46,-1744490239.3183212,504955492.46404976,,,
183,186.022346369,1001792948.13,-475110420.7400779,-346976235.5573963,,,
184,187.027932961,572789605.21,536350542.9893229,-936222803.3310468,,,
185,188.033519553,211670609.51,1253484030.4511414,-1232166682.520185,,,
186,189.039106145,-70215364.7172,1741894871.430585,-1312311133.3315496,,,
187,190.044692737,-321237738.767,2127631465.5359068,-1317830769.5740304,,,
188,191.05027933,-591975895.053,2519216382.364356,-1372239692.7486396,,,
189,192.055865922,-893316211.533,2952315730.5416856,-1516743548.748557,,,
190,193.061452514,-1192537430.31,3384230308.301843,-1697587206.9134884,,,
191,194.067039106,-1432728027.71,3721764711.292919,-1803969438.7340596,,,
192,195.072625698,-1551012171.64,3856573597.021498,-1717801504.663983,,,
193,196.078212291,-1482133498.13,3700678757.1668434,-1357889931.3246098,,,
194,197.083798883,-1183814807.43,3231742739.5578127,-720256950.0106002,,,
195,198.089385475,-691740720.917,2519593292.1114235,113203605.03749669,,,
196,199.094972067,-120621893.401,1698019549.8102162,994688394.8951428,,,
197,200.100558659,406150967.875,914369228.2340052,1725784968.9947493,,,
198,201.106145251,812929932.945,275219420.9815427,2108602250.409922,,,
199,202.111731844,1063104805.16,-199628469.1437125,2054293869.1271465,,,
200,203.117318436,1133548285.72,-570402905.8627731,1630734860.2636547,,,
201,204.122905028,1034778253.92,-932781480.4800396,986063094.1562887,,,
202,205.12849162,827523342.311,-1357816893.4003932,261844160.89510256,,,
203,206.134078212,586421618.607,-1827546227.4094536,-423425749.3117642,,,
204,207.139664804,361444307.136,-2220017599.3163643,-963827318.3527268,,,
205,208.145251397,176860314.194,-2366429894.7209067,-1266407776.0512283,,,
206,209.150837989,49682136.0762,-2144235717.4204123,-1263746368.5276732,,,
207,210.156424581,-10159811.5458,-1554980598.324649,-958817126.3265553,,,
208,211.162011173,-16750935.8736,-774126249.0068417,-485076023.9055135,,,
209,212.167597765,-5235511.75186,-184960145.1590593,-116200220.17261566,,,
210,-196.0,,,,7105199965.865269,-9453811970.970469,16083646344.544577
211,-194.0,,,,91690761.18221092,-172736229.78819603,232548668.95352796
212,-192.0,,,,287986965.97633666,-304158921.4079733,417402764.28218806
213,-190.0,,,,401966231.8473697,-314472858.3196823,426043074.5416434
214,-188.0,,,,329013628.21712387,-201492665.91008157,280395542.2710434
215,-186.0,,,,141406274.58272097,-64316215.39216077,86598699.65183407
216,-184.0,,,,-45259023.36252582,10835539.287590625,-73488948.01709807
217,-182.0,,,,-165336077.86156523,23562008.663930416,-154412145.96539664
218,-180.0,,,,-213184879.1571516,22926577.661304712,-180045756.59086406
219,-178.0,,,,-186990717.14172435,35893425.33701658,-184146555.1552347
220,-176.0,,,,-88994907.09479451,52667704.20328379,-149074763.0368371
221,-174.0,,,,7962391.168638229,74567729.6302504,-72133333.46806216
222,-172.0,,,,33843282.59592056,110159692.57414135,-35460390.080476284
223,-170.0,,,,1453991.588918686,144441719.9737664,-106328911.65724324
224,-168.0,,,,-68701965.43728065,170272332.70824242,-228045005.34422004
225,-166.0,,,,-158868655.9841919,179343575.58613503,-341417316.6002166
226,-164.0,,,,-202030058.5780716,155557789.13302422,-433383678.5727761
227,-162.0,,,,-153620748.90335655,112917410.86129922,-461059131.4014065
228,-160.0,,,,-39996476.62550354,83191535.142483,-415087845.4691512
229,-158.0,,,,61283117.1980896,76772972.82299149,-333637665.64151263
230,-156.0,,,,73292801.10989761,80868524.87951377,-201879527.2061912
231,-154.0,,,,8756651.659423828,75561183.9202609,18004201.645825863
232,-152.0,,,,-53866854.07835388,28687903.83691657,289173670.7007585
233,-150.0,,,,-65493540.634246826,-66340833.072184086,543207351.5992583
234,-148.0,,,,-957079.9692687988,-166873642.40920556,750655730.5460627
235,-146.0,,,,150751223.52352905,-256116647.9295061,884747131.4914489
236,-144.0,,,,322346546.03646326,-328246764.3614269,906509761.1932484
237,-142.0,,,,409509618.5003948,-343467616.6217282,803702435.0465524
238,-140.0,,,,360852378.8190556,-298683582.36945903,596413710.7386029
239,-138.0,,,,171579511.96562004,-229804915.6356402,310740023.34054583
240,-136.0,,,,-85269087.28215027,-147852370.3603673,6463091.762026608
241,-134.0,,,,-287794748.7783165,-46881971.78531289,-243656221.79755795
242,-132.0,,,,-342700242.63930416,87315795.15078342,-452936514.5080349
243,-130.0,,,,-229327936.06973505,246432393.90292883,-658145706.2889106
244,-128.0,,,,-33587536.078762054,354570537.1949704,-819829811.7103231
245,-126.0,,,,109871425.59854317,352098855.3597951,-879173999.142545
246,-124.0,,,,134883402.72372103,246462214.5141698,-801714426.3421047
247,-122.0,,,,53910677.34375131,67493391.70302355,-594056240.6686189
248,-120.0,,,,-93825963.28656292,-93792141.05728218,-335284084.05886805
249,-118.0,,,,-214650527.551404,-124654402.88920592,-129157085.07066672
250,-116.0,,,,-239159642.4035301,-31887489.329708576,-38383201.33081859
251,-114.0,,,,-214412860.7447889,92836600.10954964,-51436169.82910597
252,-112.0,,,,-173905557.26239872,183236655.21505508,-67601199.2821436
253,-110.0,,,,-82860579.9217453,206150754.73260435,31362638.126035333
254,-108.0,,,,51681003.62205696,144903425.51852238,248583562.42855263
255,-106.0,,,,180659591.17147875,14428101.477003098,478766710.858811
256,-104.0,,,,268634571.1795416,-134829095.30720752,642601906.7679316
257,-102.0,,,,268702123.43718576,-249651391.0756984,703549240.2871605
258,-100.0,,,,185549171.0357151,-292118968.15753305,631649476.5603487
259,-98.0,,,,89505848.14670944,-258675458.8959797,476309327.8242037
260,-96.0,,,,11340675.642445326,-176879723.08148277,337213298.72327805
261,-94.0,,,,-25668179.84650421,-69300635.67382145,235346055.92325807
262,-92.0,,,,-8101112.101343155,29893020.636855245,129973724.7381916
263,-90.0,,,,-3966068.5659594536,112245036.13221692,-30962008.80157185
264,-88.0,,,,-39374471.65363854,216354587.1036316,-283256202.7885457
265,-86.0,,,,-56438849.366639614,290713242.06842065,-575675348.2400033
266,-84.0,,,,-64578791.88637638,241674136.32705292,-762698789.3370551
267,-82.0,,,,-105955792.06320097,119421215.00027502,-723253973.7186303
268,-80.0,,,,-123677082.37766647,27019058.6470682,-483487746.5968223
269,-78.0,,,,-63715138.67263794,-30345729.52433628,-182974759.1962544
270,-76.0,,,,4997978.297348022,-89526449.18466514,43493722.26285792
271,-74.0,,,,18035525.505583525,-144734638.98023915,133468943.81954026
272,-72.0,,,,19385503.131002903,-189287041.68385828,127397166.93133724
273,-70.0,,,,18305159.395804405,-232444641.88526607,114872340.0387075
274,-68.0,,,,-21343316.2448287,-234983881.14264524,136372062.5668347
275,-66.0,,,,-23212342.021719456,-156294017.04220772,191963302.1479404
276,-64.0,,,,63362643.858044624,-33956215.6046381,253634436.1213863
277,-62.0,,,,124166741.48404215,69211390.34211737,256359373.84616733
278,-60.0,,,,104854522.38077544,127302222.09708989,173849555.50346148
279,-58.0,,,,74800830.76307106,131180371.16336286,68843668.61325169
280,-56.0,,,,15591667.511172771,83028523.10759664,16523192.824437976
281,-54.0,,,,-81903805.71184134,29925131.659723848,24080161.618736625
282,-52.0,,,,-91227712.97434188,20818480.09170842,51967165.22922087
283,-50.0,,,,11407670.536768556,48247820.14217472,57806194.66725278
284,-48.0,,,,115653912.7963252,71608177.08940887,6058325.662016839
285,-46.0,,,,189803096.6991904,72535827.59823239,-102159150.1843202
286,-44.0,,,,204755470.51203728,66524939.20909214,-224763267.14947867
287,-42.0,,,,89217025.47459936,56364341.629333615,-326455755.113616
288,-40.0,,,,-119746657.24222088,25781189.70254284,-373082171.3484473
289,-38.0,,,,-325793736.63938737,-13882786.62737155,-322604605.57186085
290,-36.0,,,,-479240182.0811052,-27757717.347666264,-200457419.99796897
291,-34.0,,,,-506522632.3550719,1267094.8814923763,-98495933.11247563
292,-32.0,,,,-318952471.3706579,46527154.33208275,-53057975.35712004
293,-30.0,,,,3903600.6172189713,76860311.54917526,-37393910.82955325
294,-28.0,,,,268821136.4366646,99015129.05614102,-33788092.82163572
295,-26.0,,,,389355981.09840393,110191868.19623578,6185480.533573747
296,-24.0,,,,353894385.71554446,97791943.03446507,137051181.81319988
297,-22.0,,,,174475422.20687443,59371585.78035879,311239928.6809857
298,-20.0,,,,-17627309.445061922,-39093886.29236436,442708109.2604586
299,-18.0,,,,-80240367.59501553,-206882128.14256117,507718256.5752173
300,-16.0,,,,-12336056.106381416,-368372794.0809182,484501078.2722967
301,-14.0,,,,111108205.71762931,-440907214.744496,348127235.92991614
302,-12.0,,,,203560254.10800263,-379181134.486225,141934383.45023274
303,-10.0,,,,186842810.71339703,-172128433.57017136,-91303522.1985619
304,-8.0,,,,35289965.99568367,119174929.81733193,-337993739.40912414
305,-6.0,,,,-170324984.7309326,349981207.6336211,-501538495.0827148
306,-4.0,,,,-248402422.24924088,368062797.047181,-444646768.8226028
307,-2.0,,,,-149821522.32613683,199237721.4189168,-235045452.70950723
308,0.0,,,,-18289880864.207176,18084672793.514957,-36956473286.00879
309,4.0,,,,-9156269567.715952,8497934997.898191,-19194316392.4226
310,6.0,,,,-8441426494.132423,20099215735.32004,-37453187564.56729
311,8.0,,,,-8446102395.971462,26075059313.25717,-35839070477.04564
312,10.0,,,,-7460125360.921425,42362006230.44807,-42635034266.204926
313,12.0,,,,-1018407517.6065426,55539273483.34329,-58177068870.500885
314,14.0,,,,-3341178215.563572,65650930670.201744,-59568438316.24182
315,16.0,,,,-5149258666.24457,77395562271.18568,-50810381452.67943
316,18.0,,,,-1324103288.1285305,77472179126.0618,-44078949995.27828
317,20.0,,,,-4093632117.714386,72512114235.15137,-30114823016.30529
318,22.0,,,,-1228555770.0352075,70952188538.13326,-3279115765.2403526
319,24.0,,,,15568216738.73424,57470099238.39279,24926830632.83739
320,26.0,,,,31885884361.37529,48194133214.691925,45237974860.02137
321,28.0,,,,45451183527.25531,65666358284.42211,58694458187.07973
322,30.0,,,,65891904607.23859,88491430720.12335,56584829398.4364
323,32.0,,,,80486070471.61807,90305175653.5722,31976440056.23742
324,34.0,,,,61942648446.98983,55401280236.99562,6651585919.430065
325,36.0,,,,20207487530.83382,-14355432392.882532,5827649676.314072
326,38.0,,,,-14589691110.619106,-70473968858.87747,30442123165.318783
327,40.0,,,,-51295290378.158165,-66669930197.05563,30263802217.438595
328,42.0,,,,-93722419169.7887,-17385159702.508644,-14518608684.630735
329,44.0,,,,-104836633329.33012,46367009827.89455,-31385651197.611115
330,46.0,,,,-82335821919.77914,88316992593.7967,-14520728951.281048
331,48.0,,,,-47799118837.98041,59573044531.26304,-5020935385.736092
332,50.0,,,,-12875148502.332962,-4136594488.848244,29870469387.26213
333,52.0,,,,-8438995934.958275,-27525722088.72623,76949631830.1065
334,54.0,,,,-16817944817.635233,-33703617104.104416,67882561526.33667
335,56.0,,,,4793045901.436844,-54174344224.22309,26502098812.321808
336,58.0,,,,32874556853.16016,-59140610696.34416,6770133848.750032
337,60.0,,,,37935552037.9224,-58788937963.83525,-817661941.9443226
338,62.0,,,,25177213181.91492,-90061517399.77295,-9969378998.496132
339,64.0,,,,14065614971.76212,-115787761217.72215,-15662800314.16806
340,66.0,,,,7774579932.41343,-89163150233.31516,-28499596923.470222
341,68.0,,,,1100707697.0084455,-61171162073.14876,-44811991155.55687
342,70.0,,,,5784409539.013016,-78971438600.96315,-38983045209.27344
343,72.0,,,,5751944033.499936,-82776537901.2751,-21265567520.39811
344,74.0,,,,-9662000730.132517,-39513393124.97792,-16639007945.44861
345,76.0,,,,-7584619082.540483,-21841104207.9928,-11938124429.423866
346,78.0,,,,8806033386.99329,-39160231357.84115,10875672654.05894
347,80.0,,,,6758229204.566902,-33609320761.79793,35663633013.405624
348,82.0,,,,4213836340.759325,-22725918968.46434,40023245506.13424
349,84.0,,,,10953877790.72434,-9826487173.727983,16592776513.57504
350,86.0,,,,4375900667.299595,10714364181.97308,1962932467.6294937
351,88.0,,,,21065494991.107704,-35811331298.23443,59160356799.36208
352,90.0,,,,174369237.43914247,-342645851.3680301,360221721.867178
353,92.0,,,,321814977.6482348,-650722762.4514499,611169914.8251363
354,94.0,,,,271478196.4768663,-652491804.4168655,544607126.5770959
355,96.0,,,,-52308537.8193903,-243560531.45265332,90637433.38503017
356,98.0,,,,-390682760.0057064,314695102.6241482,-451641782.17398745
357,100.0,,,,-438548644.7772384,710832288.3770134,-794517512.8551036
358,102.0,,,,-272138376.99092734,836608999.66976,-915839212.4970996
359,104.0,,,,-128063805.79159357,785968188.0154788,-950937113.2847456
360,106.0,,,,-49206292.14700067,670801035.4579015,-931385025.9348004
361,108.0,,,,-39460031.67864204,511340200.6655958,-773584293.3494065
362,110.0,,,,-140114227.48085442,270269579.67676777,-396166884.6862288
363,112.0,,,,-221145185.2054812,-38002889.79326055,195731106.59686664
364,114.0,,,,-48564467.450888574,-305627997.8525667,852750999.3454195
365,116.0,,,,313440090.0051924,-430975247.5821405,1296160752.2653658
366,118.0,,,,557754268.5707647,-396247427.6101251,1301915566.5527945
367,120.0,,,,566210453.3722186,-274700081.17206734,941067387.0256656
368,122.0,,,,394645843.5104593,-200684448.3588789,509595570.7029888
369,124.0,,,,105645629.2336449,-259852274.3066689,229957125.7732868
370,126.0,,,,-153161824.06496307,-441941931.39362645,114283836.5476858
371,128.0,,,,-195862633.54017133,-663157289.0886657,43275412.56002244
372,130.0,,,,-67473872.27084482,-751805772.0704159,-70658750.55670628
373,132.0,,,,24135161.72733253,-576933033.8835896,-193841768.19489676
374,134.0,,,,37545831.1498889,-248125026.2868452,-257037784.12558827
375,136.0,,,,32752539.71850477,4640102.042851687,-265509230.493056
376,138.0,,,,-46840156.33601008,90227219.62824029,-267895016.4502356
377,140.0,,,,-242738765.1227475,111626334.705644,-335762306.45789194
378,142.0,,,,-443198685.5496711,274323240.0286011,-547640503.6813802
379,144.0,,,,-517470320.2339237,663544062.7204254,-794964609.778067
380,146.0,,,,-377654747.7194577,1056419648.2720025,-805790569.6063036
381,148.0,,,,-2949408.083486557,1130228408.936013,-526861630.3087715
382,150.0,,,,375905696.34388685,821030330.870089,-162651657.12885267
383,152.0,,,,411819496.2861403,341674093.0030579,158148376.11707363
384,154.0,,,,98701043.83941592,-59007703.85456097,413235484.1428367
385,156.0,,,,-202823424.3411703,-252188278.44703728,542191990.5226929
386,158.0,,,,-207767058.89578915,-256531449.67098,500363587.9288047
387,160.0,,,,46822915.87012404,-209670646.7421434,309142319.7772812
388,162.0,,,,328203917.6740658,-239237449.83110744,45741246.23180372
389,164.0,,,,403800981.25008446,-336217020.21524644,-133574093.77282695
390,166.0,,,,230032568.59280896,-398027104.5269078,-79592459.48735394
391,168.0,,,,34305002.430042416,-362569276.0918436,172905953.15530348
392,170.0,,,,35379336.96433765,-271062699.8800496,418398643.7698747
393,172.0,,,,136085243.71648127,-229722839.31030503,468485376.0246538
394,174.0,,,,95729520.78487098,-273426806.1978084,309555007.8493691
395,176.0,,,,-114187208.96285124,-279481194.0772223,105499531.4016232
396,178.0,,,,-298213610.6388613,-144679275.63750905,5997568.238559619
397,180.0,,,,-323909217.70375204,56993424.92969793,-36159346.70773649
398,184.0,,,,-134743701.24476928,356348389.0506067,-343270790.8844962
399,186.0,,,,-113463263.10934864,438936157.6759003,-496195772.5538531
400,188.0,,,,-133535512.35558218,434284114.28515166,-576110724.3403355
401,190.0,,,,-28409622.39931643,340458513.43080723,-570940528.9447354
402,192.0,,,,178987537.81593058,179882450.86496067,-445047174.6190956
403,194.0,,,,218431693.2409268,-3513082.233862102,-231914007.5321566
404,196.0,,,,66044887.181674,-154177575.2470625,-39977972.62948641
405,198.0,,,,-15306516.618522525,-254741616.442816,80989993.5132066
406,200.0,,,,27137016.98692614,-305527955.42190164,185094067.8348234
407,202.0,,,,65063979.71530354,-301211873.33867234,331093504.53404486
408,204.0,,,,103948860.19097535,-261044334.04654032,511975757.8177452
409,206.0,,,,167471651.95360094,-192889391.70633253,672670578.3990685
410,208.0,,,,182228509.01688045,-70576912.59052658,726364158.7610774
411,210.0,,,,115994538.83614136,73565132.8168385,616505279.190573
412,212.0,,,,50694.14108383656,155865960.334104,387519304.9069611
413,214.0,,,,-124656989.71770662,175305047.6648029,113311627.05940656
414,216.0,,,,-183569948.17320305,196221250.58592156,-177974577.72555125
415,218.0,,,,-122565737.38406152,220800665.80093533,-447242381.6801039
416,220.0,,,,5721950.060522139,221620125.13204545,-631211564.4754691
417,222.0,,,,68788103.13359152,215093839.84183544,-690500616.8216136
418,224.0,,,,-8108349.013201803,205398824.3624957,-632445383.9060369
419,226.0,,,,-139960168.6499007,150762181.72338945,-513966463.6949484
420,228.0,,,,-217298294.9713753,51010034.09929317,-380643778.6227892
421,230.0,,,,-223860590.4751841,-31198150.18305528,-237302217.63914976
422,232.0,,,,-160082543.64008963,-87344773.58515102,-84843106.74799564
423,234.0,,,,-37511907.95009482,-157645928.57167184,78156816.08640021
424,236.0,,,,86802084.27326214,-208548863.56394437,248326222.2042247
425,238.0,,,,155009176.84463596,-197205208.7476596,387028209.0573759
426,240.0,,,,167819355.7980466,-197596506.13137147,438360825.8469604
427,242.0,,,,178242297.4306187,-270988512.23395467,406364580.98200166
428,244.0,,,,184185024.2125299,-332279461.3785505,365947901.1883074
429,246.0,,,,148919247.00621152,-304811505.8678227,338638175.3324025
430,248.0,,,,109140224.62407212,-227046426.21383345,251774962.3557821
431,250.0,,,,75701069.4734593,-127565693.59474283,83410409.5202402
432,252.0,,,,-9163324.208686754,7703366.014017522,-97253025.7084824
433,254.0,,,,-105142780.3561746,145704399.2706284,-230476855.36900684
434,256.0,,,,-132969234.67065369,227845245.93502823,-294368143.0603218
435,258.0,,,,-132530439.10436524,284905752.4382413,-272296844.3159123
436,260.0,,,,-134967673.8348841,373182309.5230621,-169069735.71827984
437,262.0,,,,-84473358.74940705,433286982.05598944,-47599377.663063705
438,264.0,,,,-5416685.739810109,386831545.71264607,55161637.45070109
439,266.0,,,,14701925.18055074,232957674.39159483,155393422.43087468
440,268.0,,,,-4234213.453733504,10990341.112154275,218339697.71590164
441,270.0,,,,-5984016.187702313,-196741670.04756147,192361625.28654724
442,272.0,,,,-7357335.450533092,-293284484.6211353,86371310.36271362
443,274.0,,,,-19377043.31524515,-233449471.5576117,-58213824.34498322
444,276.0,,,,-7694272.738114536,-75149478.41252723,-192695705.4253695
445,278.0,,,,49547471.10729575,57368157.76758912,-279438511.14591897
446,280.0,,,,112036709.02596544,93352695.34691978,-288682334.3258048
447,282.0,,,,115611391.02737476,46558835.59762615,-208623917.99202093
448,284.0,,,,80692490.52482532,-32716810.73494244,-102374999.74975844
449,286.0,,,,75361810.58051395,-93302714.13340446,-66169250.69447079
450,288.0,,,,74465318.37895846,-105304824.47420256,-135017744.6320741
451,290.0,,,,2259300.162132859,-57835701.2862652,-258772532.01464376
452,292.0,,,,-115304006.11866754,38728486.78957087,-338513567.3118708
453,294.0,,,,-204511566.1344837,150126694.6038565,-293861424.67080003
454,296.0,,,,-246427577.39481103,234712421.8848925,-127767961.5171909
455,298.0,,,,-214985382.0416978,239507952.12915987,81277429.49587238
456,300.0,,,,-108098502.3118371,124624160.45589668,262668709.15043008
457,302.0,,,,-12767710.357217312,-49298687.72263944,407686248.97812486
458,304.0,,,,40953280.99728131,-184508561.2755781,517401275.7403958
459,306.0,,,,103287998.27538222,-277374623.8386776,559384841.5360862
460,308.0,,,,139075957.20066512,-336669579.95116365,542138963.2778682
461,310.0,,,,105527869.23553608,-328209138.8518834,517968008.59112793
462,312.0,,,,85193750.63356379,-264607574.17613837,475800090.8427985
463,314.0,,,,134273181.04178122,-195301774.7163136,380640847.62634254
464,316.0,,,,173789698.99940562,-137406271.14195693,244243494.0108897
465,318.0,,,,154881086.4905442,-71135607.9695493,81763917.15598062
466,320.0,,,,135851199.66269982,2078174.0955192149,-99763347.85030933
467,322.0,,,,116101509.83613646,37616378.18124446,-305684373.4887323
468,324.0,,,,29133587.4729954,52852132.7807779,-518864142.4953273
469,326.0,,,,-100884221.43987964,114491960.34585357,-694723045.835185
470,328.0,,,,-200459169.06621176,220868488.35972536,-864682187.8623593
471,330.0,,,,-254159790.136368,359918268.2026493,-1026812242.449058
472,332.0,,,,-240252648.7464333,528308668.2338761,-1056128348.571629
473,334.0,,,,-147456684.99887574,638180852.5543172,-890809681.6639581
474,336.0,,,,-56148764.78665021,573746523.0110795,-570508864.9981071
475,338.0,,,,-37800981.87016004,332014090.4840272,-159457057.0755924
476,340.0,,,,-57057475.96808732,23502372.91428289,251411728.9767419
477,342.0,,,,-60414777.78124876,-244940125.0879891,586504745.964966
478,344.0,,,,-26025883.075055003,-408665805.63168925,800365250.3438311
479,346.0,,,,66348112.6068418,-439129143.691176,866764871.8743622
480,348.0,,,,164501168.12117386,-368582706.5831989,790937910.4535488
481,350.0,,,,177834490.3377552,-264948226.1918876,619707383.5225009
482,352.0,,,,107105064.10148618,-184780240.2054852,455547065.55893743
483,354.0,,,,14073757.86602354,-150009850.37739408,390236249.2662946
484,356.0,,,,-42394359.64685276,-130553162.65030468,389333214.4241968
485,358.0,,,,-7053758.757777929,-88142512.28592461,337378287.9638917
486,360.0,,,,86886781.3902877,-33044251.965147678,193150077.019904
487,362.0,,,,112051117.06922,33854875.1640389,-3785831.580198973
488,364.0,,,,33005036.898463964,115204462.94260304,-179238696.51782605
489,366.0,,,,-43874149.37146282,137616695.45572895,-247506596.4563843
490,368.0,,,,-38889415.75887856,63353744.00908727,-187497336.4825279
491,370.0,,,,42085820.1307334,-40057911.268775344,-56136526.05523634
492,372.0,,,,156967594.16678995,-141972670.56952196,42454900.57434994
493,374.0,,,,198820455.99666855,-249330540.93017948,18615970.727961063
494,376.0,,,,74132032.81238449,-296853924.9987169,-131227200.66106804
495,378.0,,,,-125751207.98951805,-212418883.8850073,-381093989.0503495
496,380.0,,,,-252548830.9309546,-25493974.69882384,-700623373.1679015
497,382.0,,,,-302276963.2839542,203317481.40126145,-978953633.0706668
498,384.0,,,,-267308022.81716877,458055241.57603407,-1086683364.391422
499,386.0,,,,-90705351.1667495,644155207.5524857,-979833736.099545
500,388.0,,,,113497681.7680536,613948965.003306,-691564854.3984029
501,390.0,,,,159410905.00094044,415208085.96843815,-314496099.99453336
502,392.0,,,,56891162.16057587,219328093.8210908,40057238.37531182
503,394.0,,,,-75394087.28253597,81393231.73320878,298093343.51994705
504,396.0,,,,-196012131.73391756,-1592398.0086635947,456858825.0476792
505,398.0,,,,-235291457.01450095,-31456428.36416602,594609263.2152942
506,400.0,,,,-124492429.04234776,-72443033.07787144,778348900.2653053
507,402.0,,,,11828188.137205243,-168127098.80173266,946375378.99062
508,404.0,,,,96397043.86905026,-255873156.9659716,997598844.1839068
509,406.0,,,,219461439.37203655,-302907316.8841358,926815522.708058
510,408.0,,,,339847228.3007198,-359181451.96097654,770948444.4512535
511,410.0,,,,349138559.10893977,-438126938.2861344,563054138.8317702
512,412.0,,,,289175383.52195007,-510808449.83576167,346890040.53240365
513,414.0,,,,221263091.22121748,-509740098.4085368,120040107.50344844
514,416.0,,,,127244113.1373548,-367742857.6200225,-159465544.5295415
515,418.0,,,,15999628.209593624,-136278022.99305627,-488339759.527048
516,420.0,,,,-105676684.31254464,98027426.84346858,-786556796.636287
517,422.0,,,,-260881190.06820428,305773653.97166103,-957092019.3244472
518,424.0,,,,-393110486.524894,422611014.4601849,-965749042.6940258
519,426.0,,,,-419104305.0760964,401795265.3902055,-816388560.220651
520,428.0,,,,-330907385.82552344,340395847.6822582,-547018543.9530998
521,430.0,,,,-150786442.26569858,324408398.3356684,-270373667.6136862
522,432.0,,,,67748269.99379742,286029689.7789273,-70827890.0382996
523,434.0,,,,204495128.05667853,178742441.14107972,60501657.74865149
524,436.0,,,,193959665.17317224,59146582.60866201,161761136.146773
525,438.0,,,,113925765.12498128,-59124548.33412099,269477213.8161168
526,440.0,,,,73113870.98349142,-171849740.79853618,374543747.0340556
527,442.0,,,,76567436.80135834,-192736091.48607317,421112425.9011189
528,444.0,,,,85566440.37958884,-110483857.98974596,387395810.67136514
529,446.0,,,,113078695.19806612,-38108855.123759925,312412472.0189855
530,448.0,,,,128149462.72360311,-14127318.358279409,237856536.07013696
531,450.0,,,,47156561.01635253,5070357.833772957,167055830.24943668
532,452.0,,,,-81765293.29502195,13959010.021992028,94912235.04239106
533,454.0,,,,-153254839.03485078,-10961320.878407478,9161342.787981048
534,456.0,,,,-197372988.84501123,-29410510.897292137,-104615769.02194512
535,458.0,,,,-217340837.30126595,-3658086.267484844,-233407803.80055356
536,460.0,,,,-122392535.1562463,5372850.593772173,-337393924.8736586
537,462.0,,,,22094575.21007061,-45330902.54917827,-353773144.15255314
538,464.0,,,,61472700.50272536,-88052433.69875821,-248910161.53329983
539,466.0,,,,72303313.66852748,-101025299.5178763,-66131054.87794748
540,468.0,,,,171122125.5524511,-146030338.77621084,100580809.95950732
541,470.0,,,,206763238.92806888,-187203789.8099383,179981710.18159497
542,472.0,,,,77256396.64405376,-120633143.07170685,142303212.51575977
543,474.0,,,,-38512807.93802434,28775596.958931595,286975.2380515635
544,476.0,,,,-47348784.61784375,163993687.00804615,-161334675.2337216
545,478.0,,,,-80893224.81762826,272438668.6518541,-264482246.2396915
546,480.0,,,,-140391269.77256855,351097824.8786472,-288721728.3364012
547,482.0,,,,-102468043.12935466,341395685.47372466,-207846658.62212837
548,484.0,,,,-51386935.01686579,268992411.8353255,-46631524.32882425
549,486.0,,,,-88351105.12756738,247241076.8974675,87714924.30502397
550,488.0,,,,-102956901.02212204,266704920.4488057,146431047.17038184
551,490.0,,,,-58061204.400385976,205403009.65474075,158973740.62158564
552,492.0,,,,-26905572.44161153,48116182.87449798,164718712.4849192
553,494.0,,,,34284547.404444724,-159857900.47719595,224074522.6143196
554,496.0,,,,160435350.0653216,-430582588.3000195,369028094.6259084
555,498.0,,,,255825679.1120752,-674608330.6119463,545280367.6558604
556,500.0,,,,272181839.25634617,-736857445.958792,676078518.7217433
557,502.0,,,,269262165.88908595,-647732996.0476625,675950480.0804317
558,504.0,,,,251852805.684901,-512854828.643275,447376223.2191865
559,506.0,,,,174031717.9924612,-334294544.9686858,21187009.13499448
560,508.0,,,,59577401.513215184,-140070286.3197477,-420670902.116182
561,510.0,,,,-60819284.22860986,-3244261.747744173,-737814966.9710321
562,512.0,,,,-190851860.68897036,129619209.83463252,-888898923.2011639
563,514.0,,,,-308577679.3895532,335540127.4639985,-850444528.8356085
564,516.0,,,,-370710903.4513392,540323500.1782753,-684909097.1949254
565,518.0,,,,-350888059.2907793,664811252.0886765,-520750552.2527601
566,520.0,,,,-244827273.8514712,688887627.5763044,-372156068.1141421
567,522.0,,,,-92049920.003062,556251411.2435315,-212436444.82717907
568,524.0,,,,13914574.76771617,298388628.5595108,-64549431.903297246
569,526.0,,,,45889291.1674508,60113873.23218411,99260146.59889114
570,528.0,,,,49975409.35018671,-88187924.83701879,282130281.25718176
571,530.0,,,,51965708.681315005,-135361347.20690584,412445856.05494976
572,532.0,,,,68248311.34628695,-87265916.02777678,484556892.7021394
573,534.0,,,,113089491.58635676,-23889453.13111013,513995747.782934
574,536.0,,,,164034914.96879482,-15615100.617298752,463985476.2710513
575,538.0,,,,162259025.06012082,-69123451.13380766,353260046.8231042
576,540.0,,,,90113033.97490156,-176376489.97356933,256655248.88348463
577,542.0,,,,12377763.34708786,-291898171.3917398,193280297.68023
578,544.0,,,,-16676936.856618106,-334235262.6887966,123666456.58729824
579,546.0,,,,-24546953.824178506,-258379732.3181455,14095636.305316806
580,548.0,,,,-32958241.671229124,-90979651.7546438,-137397309.02258965
581,550.0,,,,-29923215.295303226,80774798.53648674,-303281273.78735906
582,552.0,,,,-47663991.62976503,181618691.97892463,-428289630.6704684
583,554.0,,,,-79929007.28629076,217587973.8748728,-443955643.5806772
584,556.0,,,,-61137718.40723002,200813401.8553256,-343684261.9763932
585,558.0,,,,-4361594.015978038,105638789.0208128,-174282399.4452169
586,560.0,,,,30510702.72119257,-37676504.70378357,39733332.00403631
587,562.0,,,,50496285.7163347,-151174358.64885876,242537126.39042097
588,564.0,,,,96191469.06805754,-206185804.5358641,335148669.5224791
589,566.0,,,,153055847.70389438,-218598495.67635125,302497371.82239413
590,568.0,,,,146545632.51500186,-189070228.22076803,229843536.452834
591,570.0,,,,64904010.53948563,-125585339.8319729,161655767.2946367
592,572.0,,,,-4665003.742826074,-83264969.63576025,60284869.8921729
593,574.0,,,,-47724580.28052473,-63767952.4837141,-65066982.6715807
594,576.0,,,,-107070550.69957428,-6653117.785241365,-165687803.41725734
595,578.0,,,,-114183049.12630606,66277655.55030653,-244746355.7783157
596,580.0,,,,-53094078.820791006,103716000.72374746,-297353090.46698064
597,582.0,,,,-37588458.97720063,127740797.98391566,-293579759.7342104
598,584.0,,,,-62323940.432174176,141956838.019513,-252861312.47357127
599,586.0,,,,-34010289.526922345,99419318.77409536,-212244745.16309384
600,588.0,,,,-830820.3775986433,35300501.99063203,-178778757.2566508
601,590.0,,,,-60907767.00666067,43481092.92813867,-165325648.07764888
602,592.0,,,,-143302355.03295588,111418960.65793598,-170815754.63925695
603,594.0,,,,-156026670.02340424,183787882.99303263,-139407670.4780905
604,596.0,,,,-137334962.43137276,269379048.4478412,-35645681.841407984
605,598.0,,,,-61554614.742969096,335359054.4347834,100758376.3181568
606,600.0,,,,99732291.09872724,285463524.3475541,232354983.8550833
607,602.0,,,,201230510.71208376,122253388.0447302,360476509.6388137
608,604.0,,,,176059895.85574558,-41043264.61580896,481918022.8268925
609,606.0,,,,154692910.30260676,-154501897.14479136,561770033.2430775
610,608.0,,,,158848633.51716924,-243239061.96832356,522645775.3146006
611,610.0,,,,106112649.9990914,-290675655.6399368,339160553.2915077
612,612.0,,,,76684135.12373322,-291908231.1728222,111824211.94925249
613,614.0,,,,100033543.48968063,-303382532.7310947,-73114470.9514156
614,616.0,,,,42972839.37202096,-331816791.7236505,-198254567.0903113
615,618.0,,,,-81931797.69371313,-323444691.27213025,-225033681.9753149
616,620.0,,,,-145731622.85793555,-257600304.15909767,-153972820.62666243
617,622.0,,,,-150561149.96227312,-152700659.02747595,-86553357.91249952
618,624.0,,,,-151537974.95756197,-42905207.86733407,-93141091.7643384
619,626.0,,,,-112406577.66645288,52245450.0777666,-128051464.99982238
620,628.0,,,,-13749841.790950775,142951001.1944821,-158443344.09758246
621,630.0,,,,55702123.686798215,226807130.70146424,-204477595.28170568
622,632.0,,,,26840632.72165823,290680639.9697382,-238943680.33312327
623,634.0,,,,-35332606.32429814,343298598.27091146,-254529673.6413296
624,636.0,,,,-57855033.17027384,375179020.7244586,-285327047.97535545
625,638.0,,,,-63903434.10833043,331429668.3718379,-277391376.5149572
626,640.0,,,,-57214728.93115491,201207521.77477604,-159320879.65361932
627,642.0,,,,-7233320.0101596415,65251797.67604828,12183812.572400032
628,644.0,,,,60565247.655947804,-15288661.203685105,137062208.9071652
629,646.0,,,,120439529.36709572,-70439116.96831968,196182721.9805575
630,648.0,,,,162996335.1082316,-128133997.6043452,215692375.63080367
631,650.0,,,,146541451.00610864,-151781140.13902116,214622057.68856177
632,652.0,,,,66154056.589407325,-125401964.72481358,204045608.00083712
633,654.0,,,,-23845541.15953374,-76957862.49970055,154690108.2654463
634,656.0,,,,-76127521.08314067,6882896.175878376,50012007.86874463
635,658.0,,,,-71691261.9313916,93609748.01054633,-63742591.698498726
636,660.0,,,,-44346528.74183774,74908663.16547716,-153388535.16390443
637,662.0,,,,-28796414.41783458,-29720871.27050716,-190358349.6930692
638,664.0,,,,-15321115.384337962,-91755081.34579223,-158090794.02844608
639,666.0,,,,-45254970.05396557,-76759079.63624221,-96747036.23945212
640,668.0,,,,-137711916.31974983,-29868659.984921813,-44020458.262200266
641,670.0,,,,-179434455.3083089,20487748.70957941,-13017222.738808304
642,672.0,,,,-111269951.51600784,37302760.340161175,5449050.880125672
643,674.0,,,,-4385388.330334902,-39246594.77564049,44903613.207102895
644,676.0,,,,103120675.96375217,-176201809.54306594,117215310.00851
645,678.0,,,,208084986.5798336,-253026107.16800883,202850738.81923577
646,680.0,,,,248246521.12388527,-242461592.85530192,287845789.7888062
647,682.0,,,,193184981.48114884,-210115225.31279543,363189857.8923112
648,684.0,,,,90017696.1468975,-157965318.38055396,398858269.2188357
649,686.0,,,,-14626227.617941812,-73338229.02920777,376433312.162409
650,688.0,,,,-89217615.15104926,-29411621.469571948,313975156.8984896
651,690.0,,,,-121564594.22034656,-38560658.5968515,202104709.1171252
652,692.0,,,,-83309833.6596061,4301721.674724281,9953892.010777652
653,694.0,,,,24016353.45390028,120704525.79583256,-243299791.09408784
654,696.0,,,,85464373.77233005,252711499.98060995,-477613529.85882366
655,698.0,,,,48247094.46412897,377955784.6052033,-614183167.1519973
656,700.0,,,,-4632881.18545717,421873354.8915244,-634100421.525931
657,702.0,,,,-64163869.5561831,310431001.8629945,-555185189.6466837
658,704.0,,,,-178091885.38928747,141926508.9184879,-420216033.6233318
659,706.0,,,,-237097898.0613566,70775045.53512073,-295215959.3653628
660,708.0,,,,-122271247.25786231,100131052.66665308,-213737502.03957543
661,710.0,,,,72650091.28933549,154569557.936561,-155302863.0469675
662,712.0,,,,213841518.65644813,172215109.00424892,-91786878.94726291
663,714.0,,,,272542698.5185429,57738441.01130992,-19969706.656352077
664,716.0,,,,186537104.1330684,-183369276.44975924,54806422.73513688
665,718.0,,,,-65104036.69480884,-358376248.8001803,120710262.73981526
666,720.0,,,,-300397265.5406606,-346071178.0143286,154320817.40236706
667,722.0,,,,-355750509.25659794,-228751770.22551745,169263168.7428414
668,724.0,,,,-283132216.9686589,-110538717.835869,229957894.11423135
669,726.0,,,,-158031342.68978816,-27810434.27470702,369893263.64802575
670,728.0,,,,20222709.35934043,-18734273.317798525,548366470.9025967
671,730.0,,,,174204120.859705,-89803196.92676464,707834687.343926
672,732.0,,,,235663589.83792424,-157420497.6676184,798328858.4094213
673,734.0,,,,279252287.6710719,-150157726.22283685,748054823.6555204
674,736.0,,,,309271135.10181403,-85311665.18256858,494347325.0613776
675,738.0,,,,230827643.2344412,-16514010.58139068,96199147.17479926
676,740.0,,,,67264128.48754919,34832263.76790458,-282806364.82912004
677,742.0,,,,-75762978.82898426,85177604.80514538,-563008083.1396991
678,744.0,,,,-148373576.90316248,145532277.78627902,-771438606.3658516
679,746.0,,,,-142148971.35715795,194622861.65041015,-893904002.178197
680,748.0,,,,-83302584.41977337,211891161.54548785,-884772178.0539615
681,750.0,,,,-33940205.10556126,210689506.09240645,-741633116.2117122
682,752.0,,,,-33007107.443093985,182274489.2955096,-464702734.962539
683,754.0,,,,-59052945.814316094,103576574.21288478,-81149975.44902125
684,756.0,,,,-68023882.17263007,29157742.98695916,285759932.13228387
685,758.0,,,,-23563481.01394123,9493900.093937367,512393858.9652165
686,760.0,,,,91258495.00901634,-18853640.220324878,573112964.5071902
687,762.0,,,,216821538.9992665,-115453206.78293496,496042069.4338901
688,764.0,,,,251075798.0154464,-244038597.0711412,337405494.41923094
689,766.0,,,,147167760.69103083,-370127103.62386566,175058648.57493252
690,768.0,,,,-51963017.82551056,-442538735.39477575,33512054.84773484
691,770.0,,,,-210175193.2892694,-345979019.2065899,-114608481.53430724
692,772.0,,,,-244361053.8072542,-88368499.31481254,-258866007.95847997
693,774.0,,,,-229907825.75941336,156641505.79937917,-372995095.1548115
694,776.0,,,,-215109284.96120545,304456277.66363305,-443975049.5726604
695,778.0,,,,-160463444.703353,395177712.4033622,-437076426.2290821
696,780.0,,,,-88783207.78264597,415677475.56081885,-328677689.4349868
697,782.0,,,,-47873598.57712245,323512405.5610464,-137737282.84238502
698,784.0,,,,-4684150.712953508,144111007.63272327,129851509.72683872
699,786.0,,,,82732009.47376978,-45629266.76642984,453339723.21597713
700,788.0,,,,170193959.44364458,-167951987.2675119,671270368.686635
701,790.0,,,,225362955.43582144,-173014529.73732036,629312112.7669041
702,792.0,,,,259253381.27417088,-98063148.47444864,425132521.3630144
703,794.0,,,,238950730.11180484,-46687115.73653567,230095539.390918
704,796.0,,,,150630730.5406778,-49351885.01503599,54251578.46931699
705,798.0,,,,55678547.26892337,-66470673.2517041,-110255458.43535776
706,800.0,,,,-15851109.29705435,-81873264.02695844,-205909950.2478444
707,802.0,,,,-89311353.25293434,-77776221.16966909,-242699648.6332315
708,804.0,,,,-157065412.57653034,-39166410.789925605,-273218554.1119665
709,806.0,,,,-172707215.3446182,-777405.9191404581,-280467858.54750454
710,808.0,,,,-121977277.12242422,28800385.829041064,-231015786.2777581
711,810.0,,,,-47646873.76679152,85229042.24481487,-143277278.6870485
712,812.0,,,,3279893.032458872,139592170.21402276,-65201184.355371416
713,814.0,,,,18581329.30228712,129737113.88774556,-33211147.042748038
714,816.0,,,,7779737.137806654,67716699.52652621,-34551919.45126194
715,818.0,,,,-13942017.925011694,3795615.4905155897,-29388008.10533634
716,820.0,,,,-32324152.93508092,-45783514.7421329,-6161551.756874621
717,822.0,,,,-37366669.863483205,-83257046.12300563,23535064.62397319
718,824.0,,,,-24674268.77419209,-103809173.62308748,44020507.72207451
719,826.0,,,,3213275.5176366568,-109787724.85873178,35361567.912216395
720,828.0,,,,33794098.780854136,-106566214.8554086,5570065.33685711
721,830.0,,,,54851187.42087385,-89133390.4657988,-10167701.740272254
722,832.0,,,,61426849.87887636,-56521469.83762866,-1137459.761009544
723,834.0,,,,54477396.59251124,-14664598.158461034,18967208.20365259
724,836.0,,,,38479872.8975254,30721944.874475867,40914326.74061802
725,838.0,,,,19078441.39992824,72617532.17992154,60996361.914699465
726,840.0,,,,204982.66481812295,103130915.48621276,74879087.62037829
727,842.0,,,,-16731119.003744124,115684338.79386446,78078614.34316052
728,844.0,,,,-30258322.54588613,108765481.29738276,69382276.62547062
729,846.0,,,,-37725360.15799776,86258341.1721907,51959361.741446406
730,848.0,,,,-37109652.08057639,53429221.56410813,29691418.89735201
731,850.0,,,,-28398251.937694076,16613871.758683443,5594763.263508707
732,852.0,,,,-15114871.932941586,-16812312.46612373,-18279537.334188346
733,854.0,,,,-3396821.764178992,-40178666.876454055,-40299656.73278919
734,856.0,,,,2953857.7154702246,-50019258.08713701,-58726941.669924974
735,858.0,,,,4915356.91206792,-48411423.78075573,-72012471.76503229
736,860.0,,,,5690983.49194181,-40640943.19657302,-78129550.59675997
737,862.0,,,,6832182.031164855,-30345614.66751721,-74864906.81003141
738,864.0,,,,7157753.637142152,-18978562.67057925,-62113772.35928252
739,866.0,,,,5822582.095941812,-7824381.400373697,-42313835.97233695
740,868.0,,,,4198422.967266373,991030.533150196,-19790035.808030877
741,870.0,,,,3762569.7900860906,5547471.294520289,16691.337366104126
742,872.0,,,,4415370.958162621,5958909.828426391,13053622.25305587
743,874.0,,,,5235664.844151571,4144562.684861034,18850951.360186663
744,876.0,,,,5376341.1151531935,2122377.0494132936,19434042.486299068
745,878.0,,,,4192519.7612410486,888429.6834814548,17029281.081996918
746,880.0,,,,1447035.160805285,522816.8189384341,13005214.153392255
747,882.0,,,,-1967443.7802678645,915642.6402288376,8196941.067119986
748,884.0,,,,-4331472.76315555,1960794.2783219216,3495789.6521056
749,886.0,,,,-4659288.399869144,3299392.097789526,-275353.15627121925
750,888.0,,,,-3585361.3936586976,4351108.643485457,-2914877.986935407
751,890.0,,,,-2382330.95222196,4691175.887306333,-4666566.449517727
752,892.0,,,,-1709338.4238010347,4351430.109540284,-5838568.565380514
753,894.0,,,,-1475666.2106534094,3680787.620004863,-6679203.368677616
754,896.0,,,,-1372179.4024957716,2987996.9011309147,-7316677.081597894
755,898.0,,,,-1229288.7556832284,2390766.218593657,-7770538.997813225
756,900.0,,,,-1033889.650182426,1888832.8726738396,-8033705.487680256
757,902.0,,,,-828282.7786224633,1461025.485035956,-8121198.024014592
758,904.0,,,,-647501.7187418342,1099038.4970304668,-8068462.42849046
759,906.0,,,,-503562.1384905279,808810.8671876192,-7915786.295589238
760,908.0,,,,-392704.75091154873,596701.6267710626,-7697001.889447629
761,910.0,,,,-308028.9320343286,460347.4649645686,-7439679.836541265
762,912.0,,,,-245821.1113946885,390836.4427063465,-7166319.762201339
763,914.0,,,,-204807.5351116061,374793.55564162135,-6896493.260718316
764,916.0,,,,-183050.7964009345,398396.6059758663,-6645979.025411427
765,918.0,,,,-178069.7633535415,450907.68955764174,-6427071.867795438
766,920.0,,,,-186753.84915186465,522035.1446378529,-6250715.487202942
767,922.0,,,,-204768.8378258944,601964.2735184431,-6122606.608331621
768,924.0,,,,-227995.39826998115,682577.6616823375,-6039080.917057633
769,926.0,,,,-255289.6114602238,754954.0665302873,-5994028.736775309
770,928.0,,,,-285488.26435664296,813473.7283593714,-5982138.774832547
771,930.0,,,,-316175.14118257165,855975.243394196,-5991745.710840911
772,932.0,,,,-345705.9535830617,882280.8247193992,-6012675.493657112
773,934.0,,,,-371506.47855603695,895169.2855101526,-6040481.484750092
774,936.0,,,,-390154.1674731076,898988.2984736264,-6068120.470700264
775,938.0,,,,-402636.7925004363,895627.1980479062,-6089413.426330715
776,940.0,,,,-1459122.506479025,-894716.6751067042,-6102346.134373814
777,942.0,,,,3785319.962698728,8035068.51299867,-6103466.367917903
